x_ang,y_ang,z_ang
2.001999999999999780e+00,4.139800000000000324e+01,1.798900000000000077e+01
4.892999999999999794e+00,1.969000000000000083e+00,1.801000000000000156e+01
2.762999999999999901e+00,3.338999999999999968e+00,1.782600000000000051e+01
4.216999999999999638e+00,3.294000000000000039e+00,1.777400000000000091e+01
6.365000000000000213e+00,1.975999999999999979e+00,1.831099999999999994e+01
9.364000000000000767e+00,2.125999999999999890e+00,1.849500000000000099e+01
7.120000000000000107e+00,3.213999999999999968e+00,1.795100000000000051e+01
8.580999999999999517e+00,3.314000000000000057e+00,1.808699999999999974e+01
1.081499999999999950e+01,2.095000000000000195e+00,1.853500000000000014e+01
1.368999999999999950e+01,4.144200000000000017e+01,1.849299999999999855e+01
1.153700000000000081e+01,3.289000000000000146e+00,1.798999999999999844e+01
1.294599999999999973e+01,3.318000000000000060e+00,1.798499999999999943e+01
1.521899999999999942e+01,4.137500000000000000e+01,1.836100000000000065e+01
1.808899999999999864e+01,4.142499999999999716e+01,1.851200000000000045e+01
1.597600000000000087e+01,3.225000000000000089e+00,1.815399999999999991e+01
1.736100000000000065e+01,3.282999999999999918e+00,1.814799999999999969e+01
1.949500000000000099e+01,4.137700000000000244e+01,1.842599999999999838e+01
2.251000000000000156e+01,4.136099999999999710e+01,1.834900000000000020e+01
2.025499999999999901e+01,3.262999999999999901e+00,1.814000000000000057e+01
2.175900000000000034e+01,3.299999999999999822e+00,1.814499999999999957e+01
2.393299999999999983e+01,4.132300000000000040e+01,1.819800000000000040e+01
2.683999999999999986e+01,4.126299999999999812e+01,1.795599999999999952e+01
2.469000000000000128e+01,3.210999999999999854e+00,1.814799999999999969e+01
2.611899999999999977e+01,3.193000000000000060e+00,1.806400000000000006e+01
2.831299999999999883e+01,4.129299999999999926e+01,1.791600000000000037e+01
3.123999999999999844e+01,4.126700000000000301e+01,1.770299999999999940e+01
2.909499999999999886e+01,3.233000000000000096e+00,1.785699999999999932e+01
3.055799999999999983e+01,3.233000000000000096e+00,1.779799999999999827e+01
3.273400000000000176e+01,4.127600000000000335e+01,1.794999999999999929e+01
3.570799999999999841e+01,4.127799999999999869e+01,1.788899999999999935e+01
3.342699999999999960e+01,3.217999999999999972e+00,1.778200000000000003e+01
3.498400000000000176e+01,3.186999999999999833e+00,1.765899999999999892e+01
3.725300000000000011e+01,2.012000000000000011e+00,1.796099999999999852e+01
4.016400000000000148e+01,4.136200000000000188e+01,1.812800000000000011e+01
3.788700000000000045e+01,3.220000000000000195e+00,1.816000000000000014e+01
3.942600000000000193e+01,3.222999999999999865e+00,1.815200000000000102e+01
4.161500000000000199e+01,4.137299999999999756e+01,1.804200000000000159e+01
4.450000000000000000e+01,4.134400000000000119e+01,1.778000000000000114e+01
4.238700000000000045e+01,3.258999999999999897e+00,1.803900000000000148e+01
4.380100000000000193e+01,3.258999999999999897e+00,1.788299999999999912e+01
2.043000000000000149e+00,4.607000000000000206e+00,1.772299999999999898e+01
5.001999999999999780e+00,4.554000000000000270e+00,1.780099999999999838e+01
2.706999999999999851e+00,5.812000000000000277e+00,1.767200000000000060e+01
4.203999999999999737e+00,5.860000000000000320e+00,1.759100000000000108e+01
6.459999999999999964e+00,4.511000000000000121e+00,1.783999999999999986e+01
9.343999999999999417e+00,4.568999999999999950e+00,1.781299999999999883e+01
7.197000000000000064e+00,5.802999999999999936e+00,1.766799999999999926e+01
8.662000000000000810e+00,5.852000000000000313e+00,1.792699999999999960e+01
1.081499999999999950e+01,4.600999999999999979e+00,1.770599999999999952e+01
1.368200000000000038e+01,4.610000000000000320e+00,1.799099999999999966e+01
1.151399999999999935e+01,5.810999999999999943e+00,1.766799999999999926e+01
1.298000000000000043e+01,5.849999999999999645e+00,1.774800000000000111e+01
1.519800000000000040e+01,4.543000000000000149e+00,1.811100000000000065e+01
1.808599999999999852e+01,4.567000000000000171e+00,1.802100000000000080e+01
1.594500000000000028e+01,5.814000000000000057e+00,1.786799999999999855e+01
1.734600000000000009e+01,5.817000000000000171e+00,1.787500000000000000e+01
1.948799999999999955e+01,4.578000000000000291e+00,1.809700000000000131e+01
2.248799999999999955e+01,4.530000000000000249e+00,1.799699999999999989e+01
2.023100000000000165e+01,5.799999999999999822e+00,1.798000000000000043e+01
2.173900000000000077e+01,5.793999999999999595e+00,1.778800000000000026e+01
2.395899999999999963e+01,4.512999999999999901e+00,1.799699999999999989e+01
2.688100000000000023e+01,4.480999999999999872e+00,1.805900000000000105e+01
2.467999999999999972e+01,5.785999999999999588e+00,1.795299999999999940e+01
2.615800000000000125e+01,5.738999999999999879e+00,1.812500000000000000e+01
2.836400000000000077e+01,4.500000000000000000e+00,1.797299999999999898e+01
3.129500000000000171e+01,4.503999999999999559e+00,1.780900000000000105e+01
2.912199999999999989e+01,5.772999999999999687e+00,1.788100000000000023e+01
3.052100000000000080e+01,5.762999999999999901e+00,1.772299999999999898e+01
3.271800000000000352e+01,4.533000000000000362e+00,1.766600000000000037e+01
3.570100000000000051e+01,4.488999999999999879e+00,1.779799999999999827e+01
3.349499999999999744e+01,5.785999999999999588e+00,1.763800000000000168e+01
3.496999999999999886e+01,5.753000000000000114e+00,1.788299999999999912e+01
3.709499999999999886e+01,4.443999999999999950e+00,1.814099999999999824e+01
4.017399999999999949e+01,4.477999999999999758e+00,1.797599999999999909e+01
3.788199999999999790e+01,5.671999999999999709e+00,1.802799999999999869e+01
3.937500000000000000e+01,5.735000000000000320e+00,1.814300000000000068e+01
4.163199999999999790e+01,4.508000000000000007e+00,1.816799999999999926e+01
4.457300000000000040e+01,4.581999999999999851e+00,1.779299999999999926e+01
4.235000000000000142e+01,5.806000000000000050e+00,1.799599999999999866e+01
4.384899999999999665e+01,5.817999999999999616e+00,1.781099999999999994e+01
2.015000000000000124e+00,7.094000000000000306e+00,1.789099999999999824e+01
4.939000000000000057e+00,7.107000000000000206e+00,1.778500000000000014e+01
2.712000000000000188e+00,8.298999999999999488e+00,1.817500000000000071e+01
4.168999999999999595e+00,8.330000000000000071e+00,1.819099999999999895e+01
6.403999999999999915e+00,7.100999999999999979e+00,1.782000000000000028e+01
9.323000000000000398e+00,7.033999999999999808e+00,1.801699999999999946e+01
7.092999999999999972e+00,8.361000000000000654e+00,1.816799999999999926e+01
8.587999999999999190e+00,8.352999999999999758e+00,1.816300000000000026e+01
1.079899999999999949e+01,7.072000000000000064e+00,1.789199999999999946e+01
1.366900000000000048e+01,7.118999999999999773e+00,1.768499999999999872e+01
1.152399999999999913e+01,8.400000000000000355e+00,1.784499999999999886e+01
1.295700000000000074e+01,8.436999999999999389e+00,1.787900000000000134e+01
1.519999999999999929e+01,7.142999999999999794e+00,1.787000000000000099e+01
1.810200000000000031e+01,7.092999999999999972e+00,1.800000000000000000e+01
1.593099999999999916e+01,8.352999999999999758e+00,1.811499999999999844e+01
1.738700000000000045e+01,8.349000000000000199e+00,1.813400000000000034e+01
1.951000000000000156e+01,7.102000000000000313e+00,1.786599999999999966e+01
2.246699999999999875e+01,7.097000000000000419e+00,1.782100000000000151e+01
2.024200000000000088e+01,8.335000000000000853e+00,1.771799999999999997e+01
2.169000000000000128e+01,8.305999999999999162e+00,1.792500000000000071e+01
2.396799999999999997e+01,7.033999999999999808e+00,1.814399999999999835e+01
2.692299999999999827e+01,6.971000000000000085e+00,1.800199999999999889e+01
2.469399999999999906e+01,8.266999999999999460e+00,1.826300000000000168e+01
2.613400000000000034e+01,8.239000000000000767e+00,1.805499999999999972e+01
2.837800000000000011e+01,6.998000000000000220e+00,1.792599999999999838e+01
3.131500000000000128e+01,7.048000000000000043e+00,1.795400000000000063e+01
2.909400000000000119e+01,8.202999999999999403e+00,1.819900000000000162e+01
3.057100000000000151e+01,8.220000000000000639e+00,1.837399999999999878e+01
3.275099999999999767e+01,7.076999999999999957e+00,1.792000000000000171e+01
3.571099999999999852e+01,6.953999999999999737e+00,1.829100000000000037e+01
3.363000000000000256e+01,8.253000000000000114e+00,1.816700000000000159e+01
3.506099999999999994e+01,8.167999999999999261e+00,1.853800000000000026e+01
3.721399999999999864e+01,6.931000000000000050e+00,1.827599999999999980e+01
4.008100000000000307e+01,7.099999999999999645e+00,1.806099999999999994e+01
3.793299999999999983e+01,8.211999999999999744e+00,1.855799999999999983e+01
3.938100000000000023e+01,8.263999999999999346e+00,1.829200000000000159e+01
4.159799999999999898e+01,7.064000000000000057e+00,1.806299999999999883e+01
4.460099999999999909e+01,7.068999999999999950e+00,1.785800000000000054e+01
4.233200000000000074e+01,8.288000000000000256e+00,1.811700000000000088e+01
4.390800000000000125e+01,8.275999999999999801e+00,1.810200000000000031e+01
2.015000000000000124e+00,9.589999999999999858e+00,1.846300000000000097e+01
4.932999999999999829e+00,9.573999999999999844e+00,1.864900000000000091e+01
2.781000000000000139e+00,1.073099999999999987e+01,1.894399999999999906e+01
4.214000000000000412e+00,1.067300000000000004e+01,1.914900000000000091e+01
6.366999999999999993e+00,9.557000000000000384e+00,1.847700000000000031e+01
9.358000000000000540e+00,9.505000000000000782e+00,1.845400000000000063e+01
7.187999999999999723e+00,1.068299999999999983e+01,1.889399999999999835e+01
8.599000000000000199e+00,1.067500000000000071e+01,1.880499999999999972e+01
1.070700000000000074e+01,9.634999999999999787e+00,1.822400000000000020e+01
1.369999999999999929e+01,9.573000000000000398e+00,1.828099999999999881e+01
1.141699999999999982e+01,1.087700000000000067e+01,1.843700000000000117e+01
1.293599999999999994e+01,1.083000000000000007e+01,1.835099999999999909e+01
1.514600000000000080e+01,9.625999999999999446e+00,1.804100000000000037e+01
1.811199999999999832e+01,9.617000000000000881e+00,1.826000000000000156e+01
1.587299999999999933e+01,1.088899999999999935e+01,1.813299999999999912e+01
1.734199999999999875e+01,1.082300000000000040e+01,1.828699999999999903e+01
1.953600000000000136e+01,9.612000000000000099e+00,1.808599999999999852e+01
2.244099999999999895e+01,9.519999999999999574e+00,1.799099999999999966e+01
2.033399999999999963e+01,1.088599999999999923e+01,1.812999999999999901e+01
2.178800000000000026e+01,1.077500000000000036e+01,1.817699999999999960e+01
2.400799999999999912e+01,9.487000000000000099e+00,1.814999999999999858e+01
2.687900000000000134e+01,9.467000000000000526e+00,1.837999999999999901e+01
2.472299999999999898e+01,1.074000000000000021e+01,1.839000000000000057e+01
2.621799999999999997e+01,1.069800000000000040e+01,1.871699999999999875e+01
2.841799999999999926e+01,9.461999999999999744e+00,1.837399999999999878e+01
3.131899999999999906e+01,9.555999999999999162e+00,1.857300000000000040e+01
2.914499999999999957e+01,1.072600000000000087e+01,1.878800000000000026e+01
3.062999999999999901e+01,1.067500000000000071e+01,1.893499999999999872e+01
3.286800000000000210e+01,9.494999999999999218e+00,1.851999999999999957e+01
3.574000000000000199e+01,9.458000000000000185e+00,1.882300000000000040e+01
3.352799999999999869e+01,1.051900000000000013e+01,1.931899999999999906e+01
3.504699999999999704e+01,1.058000000000000007e+01,1.927700000000000102e+01
3.719599999999999795e+01,9.419999999999999929e+00,1.894800000000000040e+01
4.015899999999999892e+01,9.567999999999999616e+00,1.847899999999999920e+01
3.795799999999999841e+01,1.064199999999999946e+01,1.915899999999999892e+01
3.941199999999999903e+01,1.071700000000000053e+01,1.888400000000000034e+01
4.167600000000000193e+01,9.548999999999999488e+00,1.853699999999999903e+01
4.451899999999999835e+01,9.542999999999999261e+00,1.850199999999999889e+01
4.235099999999999909e+01,1.078700000000000081e+01,1.865800000000000125e+01
4.374199999999999733e+01,1.078700000000000081e+01,1.869999999999999929e+01
4.609799999999999898e+01,1.195500000000000007e+01,1.906099999999999994e+01
4.895999999999999908e+00,1.184299999999999997e+01,1.955699999999999861e+01
2.770000000000000018e+00,1.314700000000000024e+01,1.960600000000000165e+01
4.145999999999999908e+00,1.303800000000000026e+01,1.992299999999999827e+01
6.434999999999999609e+00,1.186800000000000033e+01,1.940200000000000102e+01
9.255000000000000782e+00,1.184699999999999953e+01,1.918400000000000105e+01
7.089000000000000412e+00,1.303599999999999959e+01,1.968400000000000105e+01
8.541999999999999815e+00,1.308399999999999963e+01,1.959199999999999875e+01
1.075099999999999945e+01,1.196000000000000085e+01,1.901000000000000156e+01
1.367300000000000004e+01,1.204100000000000037e+01,1.846699999999999875e+01
1.147499999999999964e+01,1.320599999999999952e+01,1.927899999999999991e+01
1.297899999999999920e+01,1.330799999999999983e+01,1.899399999999999977e+01
1.514700000000000024e+01,1.216000000000000014e+01,1.823499999999999943e+01
1.810099999999999909e+01,1.207300000000000040e+01,1.846000000000000085e+01
1.598700000000000010e+01,1.347899999999999920e+01,1.847299999999999898e+01
1.740599999999999881e+01,1.343200000000000038e+01,1.865899999999999892e+01
1.962900000000000134e+01,1.200999999999999979e+01,1.847500000000000142e+01
2.258500000000000085e+01,1.198199999999999932e+01,1.862099999999999866e+01
2.039399999999999835e+01,1.334500000000000064e+01,1.880699999999999861e+01
2.180999999999999872e+01,1.324600000000000044e+01,1.898699999999999832e+01
2.402400000000000091e+01,1.199699999999999989e+01,1.863599999999999923e+01
2.692999999999999972e+01,1.187400000000000055e+01,1.899299999999999855e+01
2.471099999999999852e+01,1.306600000000000072e+01,1.933500000000000085e+01
2.614900000000000091e+01,1.307000000000000028e+01,1.942999999999999972e+01
2.839399999999999835e+01,1.195500000000000007e+01,1.896199999999999974e+01
3.127299999999999969e+01,1.183300000000000018e+01,1.952499999999999858e+01
2.908299999999999841e+01,1.320899999999999963e+01,1.949200000000000088e+01
3.054400000000000048e+01,1.311400000000000077e+01,1.979799999999999827e+01
3.274000000000000199e+01,1.173600000000000065e+01,1.978200000000000003e+01
3.570900000000000318e+01,1.180300000000000082e+01,1.958299999999999841e+01
3.349799999999999756e+01,1.300200000000000067e+01,2.001000000000000156e+01
3.493500000000000227e+01,1.303500000000000014e+01,1.995100000000000051e+01
3.723400000000000176e+01,1.179899999999999949e+01,1.951099999999999923e+01
4.015100000000000335e+01,1.194599999999999973e+01,1.908699999999999974e+01
3.789699999999999847e+01,1.309999999999999964e+01,1.972599999999999909e+01
3.941199999999999903e+01,1.313599999999999923e+01,1.948999999999999844e+01
4.161599999999999966e+01,1.197100000000000009e+01,1.900400000000000134e+01
4.458800000000000097e+01,1.202200000000000024e+01,1.896199999999999974e+01
4.245400000000000063e+01,1.316600000000000037e+01,1.937000000000000099e+01
4.384599999999999653e+01,1.314799999999999969e+01,1.942299999999999827e+01
4.607800000000000296e+01,1.437700000000000067e+01,1.983999999999999986e+01
4.900000000000000355e+00,1.432300000000000040e+01,2.009100000000000108e+01
2.765000000000000124e+00,1.565099999999999980e+01,2.010000000000000142e+01
4.209999999999999964e+00,1.558200000000000074e+01,2.039000000000000057e+01
6.389999999999999680e+00,1.428200000000000003e+01,2.002700000000000102e+01
9.307000000000000384e+00,1.427699999999999925e+01,1.999699999999999989e+01
7.121999999999999886e+00,1.545400000000000063e+01,2.042899999999999849e+01
8.567999999999999616e+00,1.547700000000000031e+01,2.036400000000000077e+01
1.075500000000000078e+01,1.440900000000000070e+01,1.974200000000000088e+01
1.374699999999999989e+01,1.446799999999999997e+01,1.931200000000000117e+01
1.144800000000000040e+01,1.554700000000000060e+01,2.013800000000000168e+01
1.293099999999999916e+01,1.557199999999999918e+01,2.019300000000000139e+01
1.521899999999999942e+01,1.459099999999999930e+01,1.900700000000000145e+01
1.810399999999999920e+01,1.456099999999999994e+01,1.917000000000000171e+01
1.589300000000000068e+01,1.577999999999999936e+01,1.947700000000000031e+01
1.729700000000000060e+01,1.573499999999999943e+01,1.968299999999999983e+01
1.964399999999999835e+01,1.449399999999999977e+01,1.929700000000000060e+01
2.247700000000000031e+01,1.441999999999999993e+01,1.952599999999999980e+01
2.029700000000000060e+01,1.570199999999999996e+01,1.983899999999999864e+01
2.170700000000000074e+01,1.571299999999999919e+01,1.983999999999999986e+01
2.394300000000000139e+01,1.431900000000000084e+01,1.976099999999999923e+01
2.693499999999999872e+01,1.423199999999999932e+01,2.003699999999999903e+01
2.471399999999999864e+01,1.552699999999999925e+01,2.031899999999999906e+01
2.620200000000000173e+01,1.548300000000000054e+01,2.034600000000000009e+01
2.842200000000000060e+01,1.432000000000000028e+01,1.996099999999999852e+01
3.130600000000000094e+01,1.433099999999999952e+01,2.014199999999999946e+01
2.910999999999999943e+01,1.549200000000000088e+01,2.041700000000000159e+01
3.060300000000000153e+01,1.546400000000000041e+01,2.055000000000000071e+01
3.277000000000000313e+01,1.429400000000000048e+01,2.025799999999999912e+01
3.565999999999999659e+01,1.425699999999999967e+01,2.027799999999999869e+01
3.350800000000000267e+01,1.537800000000000011e+01,2.091700000000000159e+01
3.492399999999999949e+01,1.542200000000000060e+01,2.082100000000000151e+01
3.719500000000000028e+01,1.421000000000000085e+01,2.032000000000000028e+01
4.017199999999999704e+01,1.425500000000000078e+01,2.012900000000000134e+01
3.791599999999999682e+01,1.539499999999999957e+01,2.071900000000000119e+01
3.942799999999999727e+01,1.536299999999999955e+01,2.069800000000000040e+01
4.158500000000000085e+01,1.438499999999999979e+01,2.001899999999999835e+01
4.462100000000000222e+01,1.433399999999999963e+01,1.994600000000000151e+01
4.233100000000000307e+01,1.546400000000000041e+01,2.067999999999999972e+01
4.390400000000000347e+01,1.551600000000000001e+01,2.051800000000000068e+01
4.603399999999999892e+01,1.682900000000000063e+01,2.059100000000000108e+01
4.972999999999999865e+00,1.676300000000000168e+01,2.087300000000000111e+01
2.709000000000000075e+00,1.793199999999999861e+01,2.128399999999999892e+01
4.176000000000000156e+00,1.784100000000000108e+01,2.157100000000000151e+01
6.363000000000000433e+00,1.678600000000000136e+01,2.072500000000000142e+01
9.224000000000000199e+00,1.679500000000000171e+01,2.066100000000000136e+01
7.078000000000000291e+00,1.798600000000000065e+01,2.110600000000000165e+01
8.509000000000000341e+00,1.803399999999999892e+01,2.080300000000000082e+01
1.074200000000000088e+01,1.687300000000000111e+01,2.045799999999999841e+01
1.368200000000000038e+01,1.681299999999999883e+01,2.051200000000000045e+01
1.151600000000000001e+01,1.796600000000000108e+01,2.095200000000000173e+01
1.295299999999999940e+01,1.802899999999999991e+01,2.087000000000000099e+01
1.517099999999999937e+01,1.689600000000000080e+01,2.030099999999999838e+01
1.804500000000000171e+01,1.684400000000000119e+01,2.042000000000000171e+01
1.587100000000000044e+01,1.794600000000000151e+01,2.099599999999999866e+01
1.732799999999999940e+01,1.793100000000000094e+01,2.099399999999999977e+01
1.948499999999999943e+01,1.678999999999999915e+01,2.057000000000000028e+01
2.244800000000000040e+01,1.684799999999999898e+01,2.040800000000000125e+01
2.022899999999999920e+01,1.793799999999999883e+01,2.101599999999999824e+01
2.171000000000000085e+01,1.802499999999999858e+01,2.084600000000000009e+01
2.396300000000000097e+01,1.676999999999999957e+01,2.055300000000000082e+01
2.692399999999999949e+01,1.665099999999999980e+01,2.078900000000000148e+01
2.468299999999999983e+01,1.783200000000000074e+01,2.105799999999999983e+01
2.610699999999999932e+01,1.781599999999999895e+01,2.114699999999999847e+01
2.842999999999999972e+01,1.658500000000000085e+01,2.090700000000000003e+01
3.135600000000000165e+01,1.667099999999999937e+01,2.105300000000000082e+01
2.916600000000000037e+01,1.781099999999999994e+01,2.144699999999999918e+01
3.063500000000000156e+01,1.793599999999999994e+01,2.127299999999999969e+01
3.281799999999999784e+01,1.666100000000000136e+01,2.127100000000000080e+01
3.570400000000000063e+01,1.660200000000000031e+01,2.122599999999999909e+01
3.353999999999999915e+01,1.791700000000000159e+01,2.169000000000000128e+01
3.504200000000000159e+01,1.782300000000000040e+01,2.172800000000000153e+01
3.716700000000000159e+01,1.661899999999999977e+01,2.118900000000000006e+01
4.017799999999999727e+01,1.660000000000000142e+01,2.126300000000000168e+01
3.795700000000000074e+01,1.784299999999999997e+01,2.154899999999999949e+01
3.943099999999999739e+01,1.783800000000000097e+01,2.165299999999999869e+01
4.159899999999999665e+01,1.664999999999999858e+01,2.113400000000000034e+01
4.459300000000000352e+01,1.678000000000000114e+01,2.064600000000000080e+01
4.237299999999999756e+01,1.781299999999999883e+01,2.142800000000000082e+01
4.381900000000000261e+01,1.786700000000000088e+01,2.119200000000000017e+01
4.600200000000000244e+01,1.912900000000000134e+01,2.160099999999999909e+01
4.876999999999999780e+00,1.913400000000000034e+01,2.200900000000000034e+01
2.689999999999999947e+00,2.033299999999999841e+01,2.196799999999999997e+01
4.126000000000000334e+00,2.038800000000000168e+01,2.201999999999999957e+01
6.355000000000000426e+00,1.914099999999999824e+01,2.174699999999999989e+01
9.321999999999999176e+00,1.920299999999999940e+01,2.122400000000000020e+01
7.064000000000000057e+00,2.038200000000000145e+01,2.203900000000000148e+01
8.631000000000000227e+00,2.045200000000000173e+01,2.177100000000000080e+01
1.079100000000000037e+01,1.917299999999999827e+01,2.131700000000000017e+01
1.366200000000000081e+01,1.920400000000000063e+01,2.136400000000000077e+01
1.151900000000000013e+01,2.044900000000000162e+01,2.176000000000000156e+01
1.290799999999999947e+01,2.046499999999999986e+01,2.175300000000000011e+01
1.511100000000000065e+01,1.911700000000000088e+01,2.153800000000000026e+01
1.807900000000000063e+01,1.907600000000000051e+01,2.144699999999999918e+01
1.588599999999999923e+01,2.030300000000000082e+01,2.188200000000000145e+01
1.739199999999999946e+01,2.030999999999999872e+01,2.187500000000000000e+01
1.953800000000000026e+01,1.909199999999999875e+01,2.142500000000000071e+01
2.252899999999999991e+01,1.917399999999999949e+01,2.135500000000000043e+01
2.033399999999999963e+01,2.038700000000000045e+01,2.166900000000000048e+01
2.176000000000000156e+01,2.040700000000000003e+01,2.145499999999999829e+01
2.399200000000000088e+01,1.908699999999999974e+01,2.150300000000000011e+01
2.696499999999999986e+01,1.903900000000000148e+01,2.158699999999999974e+01
2.468299999999999983e+01,2.025100000000000122e+01,2.199599999999999866e+01
2.619800000000000040e+01,2.026099999999999923e+01,2.199699999999999989e+01
2.843100000000000094e+01,1.911599999999999966e+01,2.166799999999999926e+01
3.135699999999999932e+01,1.919300000000000139e+01,2.157600000000000051e+01
2.917500000000000071e+01,2.038299999999999912e+01,2.201699999999999946e+01
3.057100000000000151e+01,2.040500000000000114e+01,2.194300000000000139e+01
3.281499999999999773e+01,1.916700000000000159e+01,2.167899999999999849e+01
3.582999999999999829e+01,1.912600000000000122e+01,2.164799999999999969e+01
3.360099999999999909e+01,2.039600000000000080e+01,2.166600000000000037e+01
3.508700000000000330e+01,2.044300000000000139e+01,2.165899999999999892e+01
3.721200000000000330e+01,1.908800000000000097e+01,2.182300000000000040e+01
4.015800000000000125e+01,1.900000000000000000e+01,2.201999999999999957e+01
3.797399999999999665e+01,2.031700000000000017e+01,2.208200000000000074e+01
3.948899999999999721e+01,2.030900000000000105e+01,2.217000000000000171e+01
4.164900000000000091e+01,1.905999999999999872e+01,2.189799999999999969e+01
4.453099999999999881e+01,1.914900000000000091e+01,2.146000000000000085e+01
4.233899999999999864e+01,2.027400000000000091e+01,2.197700000000000031e+01
4.380400000000000205e+01,2.033399999999999963e+01,2.181099999999999994e+01
1.991000000000000103e+00,2.162600000000000122e+01,2.210500000000000043e+01
4.875000000000000000e+00,2.166100000000000136e+01,2.209100000000000108e+01
2.710999999999999854e+00,2.294999999999999929e+01,2.223600000000000065e+01
4.189000000000000057e+00,2.293299999999999983e+01,2.191199999999999903e+01
6.328999999999999737e+00,2.161700000000000088e+01,2.217200000000000060e+01
9.412000000000000810e+00,2.160600000000000165e+01,2.207999999999999829e+01
7.060999999999999943e+00,2.285399999999999920e+01,2.219900000000000162e+01
8.551000000000000156e+00,2.281899999999999906e+01,2.242599999999999838e+01
1.085500000000000043e+01,2.156700000000000017e+01,2.219800000000000040e+01
1.362199999999999989e+01,2.162399999999999878e+01,2.208099999999999952e+01
1.153200000000000003e+01,2.280600000000000094e+01,2.226399999999999935e+01
1.294899999999999984e+01,2.287699999999999889e+01,2.207700000000000173e+01
1.515499999999999936e+01,2.154799999999999827e+01,2.220700000000000074e+01
1.810099999999999909e+01,2.155900000000000105e+01,2.201899999999999835e+01
1.583500000000000085e+01,2.287099999999999866e+01,2.220100000000000051e+01
1.734600000000000009e+01,2.288299999999999912e+01,2.219099999999999895e+01
1.955399999999999849e+01,2.161799999999999855e+01,2.189499999999999957e+01
2.252199999999999847e+01,2.159499999999999886e+01,2.162300000000000111e+01
2.029700000000000060e+01,2.290700000000000003e+01,2.199200000000000088e+01
2.178800000000000026e+01,2.286400000000000077e+01,2.189499999999999957e+01
2.400100000000000122e+01,2.155900000000000105e+01,2.179899999999999949e+01
2.698499999999999943e+01,2.157499999999999929e+01,2.204100000000000037e+01
2.479500000000000171e+01,2.282799999999999940e+01,2.175600000000000023e+01
2.625499999999999901e+01,2.281899999999999906e+01,2.186299999999999955e+01
2.845299999999999940e+01,2.165899999999999892e+01,2.203999999999999915e+01
3.139000000000000057e+01,2.171900000000000119e+01,2.224099999999999966e+01
2.917099999999999937e+01,2.289499999999999957e+01,2.222899999999999920e+01
3.061799999999999855e+01,2.292899999999999849e+01,2.243499999999999872e+01
3.279099999999999682e+01,2.173999999999999844e+01,2.202199999999999847e+01
3.578399999999999892e+01,2.163700000000000045e+01,2.213200000000000145e+01
3.350500000000000256e+01,2.291300000000000026e+01,2.214300000000000068e+01
3.497699999999999676e+01,2.286299999999999955e+01,2.242099999999999937e+01
3.725999999999999801e+01,2.162699999999999889e+01,2.215399999999999991e+01
4.018200000000000216e+01,2.149599999999999866e+01,2.213899999999999935e+01
3.796200000000000330e+01,2.286700000000000088e+01,2.214199999999999946e+01
3.940899999999999892e+01,2.278600000000000136e+01,2.207100000000000151e+01
4.159100000000000108e+01,2.154299999999999926e+01,2.199699999999999989e+01
4.455100000000000193e+01,2.163200000000000145e+01,2.214199999999999946e+01
4.231700000000000017e+01,2.275900000000000034e+01,2.182700000000000173e+01
4.380499999999999972e+01,2.284400000000000119e+01,2.218299999999999983e+01
1.993999999999999995e+00,2.418199999999999861e+01,2.228800000000000026e+01
4.836999999999999744e+00,2.422200000000000131e+01,2.183999999999999986e+01
2.673000000000000043e+00,2.546099999999999852e+01,2.214900000000000091e+01
4.107999999999999652e+00,2.546900000000000119e+01,2.199099999999999966e+01
6.301000000000000156e+00,2.419399999999999906e+01,2.193900000000000006e+01
9.252000000000000668e+00,2.411199999999999832e+01,2.228600000000000136e+01
7.142999999999999794e+00,2.545499999999999829e+01,2.196399999999999864e+01
8.506999999999999673e+00,2.541199999999999903e+01,2.209900000000000020e+01
1.079800000000000004e+01,2.406899999999999906e+01,2.213400000000000034e+01
1.368900000000000006e+01,2.410399999999999920e+01,2.204200000000000159e+01
1.152599999999999980e+01,2.535099999999999909e+01,2.194800000000000040e+01
1.301099999999999923e+01,2.535600000000000165e+01,2.200100000000000122e+01
1.511100000000000065e+01,2.410300000000000153e+01,2.197200000000000131e+01
1.807900000000000063e+01,2.419200000000000017e+01,2.209499999999999886e+01
1.595500000000000007e+01,2.541400000000000148e+01,2.205399999999999849e+01
1.740099999999999980e+01,2.537600000000000122e+01,2.207499999999999929e+01
1.955199999999999960e+01,2.416000000000000014e+01,2.198699999999999832e+01
2.256299999999999883e+01,2.405600000000000094e+01,2.186299999999999955e+01
2.036100000000000065e+01,2.541700000000000159e+01,2.204200000000000159e+01
2.183500000000000085e+01,2.538800000000000168e+01,2.196900000000000119e+01
2.405699999999999861e+01,2.407100000000000151e+01,2.170200000000000173e+01
2.697700000000000031e+01,2.404100000000000037e+01,2.190200000000000102e+01
2.474800000000000111e+01,2.538200000000000145e+01,2.167800000000000082e+01
2.621699999999999875e+01,2.538299999999999912e+01,2.176200000000000045e+01
2.846999999999999886e+01,2.406299999999999883e+01,2.193499999999999872e+01
3.133899999999999864e+01,2.412999999999999901e+01,2.213100000000000023e+01
2.916900000000000048e+01,2.538899999999999935e+01,2.177700000000000102e+01
3.059199999999999875e+01,2.537900000000000134e+01,2.210099999999999909e+01
3.277900000000000347e+01,2.417599999999999838e+01,2.216799999999999926e+01
3.573700000000000188e+01,2.417500000000000071e+01,2.238500000000000156e+01
3.351800000000000068e+01,2.541900000000000048e+01,2.227700000000000102e+01
3.504899999999999949e+01,2.544000000000000128e+01,2.229299999999999926e+01
3.724799999999999756e+01,2.410600000000000165e+01,2.229400000000000048e+01
4.012599999999999767e+01,2.397800000000000153e+01,2.184299999999999997e+01
3.791899999999999693e+01,2.533200000000000074e+01,2.186899999999999977e+01
3.934599999999999653e+01,2.529299999999999926e+01,2.182100000000000151e+01
4.156499999999999773e+01,2.398799999999999955e+01,2.174299999999999855e+01
4.452900000000000347e+01,2.405999999999999872e+01,2.223199999999999932e+01
4.223400000000000176e+01,2.524899999999999878e+01,2.165299999999999869e+01
4.368800000000000239e+01,2.534499999999999886e+01,2.196000000000000085e+01
4.588499999999999801e+01,2.666100000000000136e+01,2.197400000000000020e+01
4.955000000000000071e+00,2.673799999999999955e+01,2.217299999999999827e+01
2.649999999999999911e+00,2.797299999999999898e+01,2.187600000000000122e+01
4.166999999999999815e+00,2.799200000000000088e+01,2.194900000000000162e+01
6.402000000000000135e+00,2.676300000000000168e+01,2.192899999999999849e+01
9.263999999999999346e+00,2.654200000000000159e+01,2.169200000000000017e+01
7.149000000000000021e+00,2.796600000000000108e+01,2.182199999999999918e+01
8.608000000000000540e+00,2.792500000000000071e+01,2.173199999999999932e+01
1.071700000000000053e+01,2.653999999999999915e+01,2.185999999999999943e+01
1.377999999999999936e+01,2.667899999999999849e+01,2.183899999999999864e+01
1.153899999999999970e+01,2.788500000000000156e+01,2.194900000000000162e+01
1.295500000000000007e+01,2.791700000000000159e+01,2.175300000000000011e+01
1.520700000000000074e+01,2.667999999999999972e+01,2.205199999999999960e+01
1.814099999999999824e+01,2.667899999999999849e+01,2.196999999999999886e+01
1.598499999999999943e+01,2.796600000000000108e+01,2.196399999999999864e+01
1.747500000000000142e+01,2.799899999999999878e+01,2.190099999999999980e+01
1.967399999999999949e+01,2.667000000000000171e+01,2.207199999999999918e+01
2.258200000000000074e+01,2.665599999999999881e+01,2.179200000000000159e+01
2.036100000000000065e+01,2.794099999999999895e+01,2.204799999999999827e+01
2.186499999999999844e+01,2.793299999999999983e+01,2.193199999999999861e+01
2.401699999999999946e+01,2.662699999999999889e+01,2.170599999999999952e+01
2.691199999999999903e+01,2.660900000000000176e+01,2.167699999999999960e+01
2.478200000000000003e+01,2.791400000000000148e+01,2.173499999999999943e+01
2.621600000000000108e+01,2.785800000000000054e+01,2.158299999999999841e+01
2.841900000000000048e+01,2.660999999999999943e+01,2.166799999999999926e+01
3.130300000000000082e+01,2.673600000000000065e+01,2.212000000000000099e+01
2.908099999999999952e+01,2.785500000000000043e+01,2.165200000000000102e+01
3.059299999999999997e+01,2.799500000000000099e+01,2.190299999999999869e+01
3.284700000000000131e+01,2.680000000000000071e+01,2.207600000000000051e+01
3.582699999999999818e+01,2.672599999999999909e+01,2.211700000000000088e+01
3.355499999999999972e+01,2.790899999999999892e+01,2.151099999999999923e+01
3.509400000000000119e+01,2.803600000000000136e+01,2.190899999999999892e+01
3.722899999999999920e+01,2.670799999999999841e+01,2.183599999999999852e+01
4.014399999999999835e+01,2.665099999999999980e+01,2.165599999999999881e+01
3.798599999999999710e+01,2.788700000000000045e+01,2.153900000000000148e+01
3.941199999999999903e+01,2.793599999999999994e+01,2.151800000000000068e+01
4.157800000000000296e+01,2.659499999999999886e+01,2.151899999999999835e+01
4.440999999999999659e+01,2.666499999999999915e+01,2.192800000000000082e+01
4.231300000000000239e+01,2.779700000000000060e+01,2.128000000000000114e+01
4.372200000000000131e+01,2.784700000000000131e+01,2.134799999999999898e+01
4.591299999999999670e+01,2.918199999999999861e+01,2.140200000000000102e+01
4.850999999999999979e+00,2.920700000000000074e+01,2.174800000000000111e+01
2.580999999999999961e+00,3.046499999999999986e+01,2.147800000000000153e+01
4.072000000000000064e+00,3.042200000000000060e+01,2.160699999999999932e+01
6.368999999999999773e+00,2.916199999999999903e+01,2.164999999999999858e+01
9.307999999999999829e+00,2.917000000000000171e+01,2.153900000000000148e+01
7.110000000000000320e+00,3.036299999999999955e+01,2.134299999999999997e+01
8.573999999999999844e+00,3.039399999999999835e+01,2.153300000000000125e+01
1.073499999999999943e+01,2.917899999999999849e+01,2.153500000000000014e+01
1.362700000000000067e+01,2.914300000000000068e+01,2.148100000000000165e+01
1.145899999999999963e+01,3.035300000000000153e+01,2.104700000000000060e+01
1.286200000000000010e+01,3.039999999999999858e+01,2.136299999999999955e+01
1.521100000000000030e+01,2.915099999999999980e+01,2.156500000000000128e+01
1.814499999999999957e+01,2.925199999999999889e+01,2.181099999999999994e+01
1.592200000000000060e+01,3.044200000000000017e+01,2.136400000000000077e+01
1.744399999999999906e+01,3.047299999999999898e+01,2.152199999999999847e+01
1.965399999999999991e+01,2.928399999999999892e+01,2.206899999999999906e+01
2.261700000000000088e+01,2.911499999999999844e+01,2.183999999999999986e+01
2.038800000000000168e+01,3.049699999999999989e+01,2.171999999999999886e+01
2.190200000000000102e+01,3.040099999999999980e+01,2.166499999999999915e+01
2.409499999999999886e+01,2.911499999999999844e+01,2.161799999999999855e+01
2.685999999999999943e+01,2.907400000000000162e+01,2.121499999999999986e+01
2.477899999999999991e+01,3.038299999999999912e+01,2.111599999999999966e+01
2.611899999999999977e+01,3.038599999999999923e+01,2.107000000000000028e+01
2.830300000000000082e+01,2.902599999999999980e+01,2.117500000000000071e+01
3.128099999999999881e+01,2.911199999999999832e+01,2.129200000000000159e+01
2.905999999999999872e+01,3.030300000000000082e+01,2.089799999999999969e+01
3.058800000000000097e+01,3.030300000000000082e+01,2.078900000000000148e+01
3.283800000000000097e+01,2.908200000000000074e+01,2.122200000000000131e+01
3.580700000000000216e+01,2.921799999999999997e+01,2.136799999999999855e+01
3.350200000000000244e+01,3.035800000000000054e+01,2.082900000000000063e+01
3.504899999999999949e+01,3.042500000000000071e+01,2.099899999999999878e+01
3.726800000000000068e+01,2.917599999999999838e+01,2.123000000000000043e+01
4.015100000000000335e+01,2.911799999999999855e+01,2.125400000000000134e+01
3.804099999999999682e+01,3.033299999999999841e+01,2.072800000000000153e+01
3.941599999999999682e+01,3.036899999999999977e+01,2.098300000000000054e+01
4.156099999999999994e+01,2.905399999999999849e+01,2.092500000000000071e+01
4.445199999999999818e+01,2.912900000000000134e+01,2.117399999999999949e+01
4.228699999999999903e+01,3.029899999999999949e+01,2.056500000000000128e+01
4.373100000000000165e+01,3.034100000000000108e+01,2.081099999999999994e+01
4.583700000000000330e+01,3.176899999999999835e+01,2.125000000000000000e+01
4.895999999999999908e+00,3.162099999999999866e+01,2.119300000000000139e+01
2.649999999999999911e+00,3.284199999999999875e+01,2.080999999999999872e+01
4.155999999999999694e+00,3.278900000000000148e+01,2.073600000000000065e+01
6.403999999999999915e+00,3.159700000000000131e+01,2.116600000000000037e+01
9.284000000000000696e+00,3.163500000000000156e+01,2.111400000000000077e+01
7.107999999999999652e+00,3.279800000000000182e+01,2.082600000000000051e+01
8.542999999999999261e+00,3.278499999999999659e+01,2.066799999999999926e+01
1.071299999999999919e+01,3.153200000000000003e+01,2.087500000000000000e+01
1.365199999999999925e+01,3.160699999999999932e+01,2.103200000000000003e+01
1.149300000000000033e+01,3.281799999999999784e+01,2.074599999999999866e+01
1.296599999999999930e+01,3.284100000000000108e+01,2.061799999999999855e+01
1.511999999999999922e+01,3.162999999999999901e+01,2.104299999999999926e+01
1.812099999999999866e+01,3.169200000000000017e+01,2.112999999999999901e+01
1.584299999999999997e+01,3.289900000000000091e+01,2.106500000000000128e+01
1.731899999999999906e+01,3.292499999999999716e+01,2.095899999999999963e+01
1.964699999999999847e+01,3.173799999999999955e+01,2.135800000000000054e+01
2.257999999999999829e+01,3.159799999999999898e+01,2.110500000000000043e+01
2.032100000000000151e+01,3.296099999999999852e+01,2.099699999999999989e+01
2.181099999999999994e+01,3.293900000000000006e+01,2.093100000000000094e+01
2.403600000000000136e+01,3.161899999999999977e+01,2.090500000000000114e+01
2.686599999999999966e+01,3.166900000000000048e+01,2.066600000000000037e+01
2.476699999999999946e+01,3.292499999999999716e+01,2.061700000000000088e+01
2.619600000000000151e+01,3.286699999999999733e+01,2.029700000000000060e+01
2.832499999999999929e+01,3.156099999999999994e+01,2.058899999999999864e+01
3.134600000000000009e+01,3.152700000000000102e+01,2.042200000000000060e+01
2.907400000000000162e+01,3.274499999999999744e+01,2.023499999999999943e+01
3.060000000000000142e+01,3.271699999999999875e+01,2.009299999999999997e+01
3.282200000000000273e+01,3.138800000000000168e+01,2.015500000000000114e+01
3.574600000000000222e+01,3.157400000000000162e+01,2.042999999999999972e+01
3.357800000000000296e+01,3.258500000000000085e+01,1.973499999999999943e+01
3.503099999999999881e+01,3.275399999999999778e+01,1.990700000000000003e+01
3.723299999999999699e+01,3.159100000000000108e+01,2.046199999999999974e+01
4.014300000000000068e+01,3.161599999999999966e+01,2.051699999999999946e+01
3.794299999999999784e+01,3.276100000000000279e+01,1.997899999999999920e+01
3.938799999999999812e+01,3.278900000000000148e+01,1.999599999999999866e+01
4.157800000000000296e+01,3.171099999999999852e+01,2.053099999999999881e+01
4.447599999999999909e+01,3.162800000000000011e+01,2.074200000000000088e+01
4.235499999999999687e+01,3.291499999999999915e+01,2.027599999999999980e+01
4.383200000000000074e+01,3.289600000000000080e+01,2.030499999999999972e+01
4.592900000000000205e+01,3.417000000000000171e+01,2.028200000000000003e+01
4.926999999999999602e+00,3.405100000000000193e+01,2.045700000000000074e+01
2.665999999999999925e+00,3.530899999999999750e+01,1.989199999999999946e+01
4.163999999999999702e+00,3.526100000000000279e+01,2.002599999999999980e+01
6.334999999999999964e+00,3.401100000000000279e+01,2.044399999999999906e+01
9.321999999999999176e+00,3.405799999999999983e+01,2.049899999999999878e+01
7.051999999999999602e+00,3.526299999999999812e+01,2.005600000000000094e+01
8.608000000000000540e+00,3.533100000000000307e+01,2.005799999999999983e+01
1.078899999999999970e+01,3.400999999999999801e+01,2.033699999999999974e+01
1.373499999999999943e+01,3.413300000000000267e+01,2.054700000000000060e+01
1.150000000000000000e+01,3.523199999999999932e+01,1.989399999999999835e+01
1.300699999999999967e+01,3.531099999999999994e+01,2.010200000000000031e+01
1.515799999999999947e+01,3.419899999999999807e+01,2.085999999999999943e+01
1.804599999999999937e+01,3.419599999999999795e+01,2.086299999999999955e+01
1.592300000000000004e+01,3.540800000000000125e+01,2.043100000000000094e+01
1.736100000000000065e+01,3.541700000000000159e+01,2.064099999999999824e+01
1.954899999999999949e+01,3.412500000000000000e+01,2.074899999999999878e+01
2.250799999999999912e+01,3.399600000000000222e+01,2.025300000000000011e+01
2.030000000000000071e+01,3.522999999999999687e+01,2.005300000000000082e+01
2.177700000000000102e+01,3.525399999999999778e+01,1.978999999999999915e+01
2.398400000000000176e+01,3.404999999999999716e+01,2.012500000000000000e+01
2.692000000000000171e+01,3.400900000000000034e+01,1.986499999999999844e+01
2.461599999999999966e+01,3.515999999999999659e+01,1.939099999999999824e+01
2.613700000000000045e+01,3.513900000000000290e+01,1.926399999999999935e+01
2.839099999999999824e+01,3.400200000000000244e+01,1.995299999999999940e+01
3.143199999999999861e+01,3.387500000000000000e+01,1.954100000000000037e+01
2.915899999999999892e+01,3.519500000000000028e+01,1.954500000000000171e+01
3.064600000000000080e+01,3.499900000000000233e+01,1.909900000000000020e+01
3.286200000000000188e+01,3.385699999999999932e+01,1.941499999999999915e+01
3.573899999999999721e+01,3.397999999999999687e+01,1.947700000000000031e+01
3.361899999999999977e+01,3.497599999999999909e+01,1.889399999999999835e+01
3.500500000000000256e+01,3.506000000000000227e+01,1.887500000000000000e+01
3.721500000000000341e+01,3.397500000000000142e+01,1.955900000000000105e+01
4.010999999999999943e+01,3.405499999999999972e+01,1.965599999999999881e+01
3.790100000000000335e+01,3.525600000000000023e+01,1.932499999999999929e+01
3.941100000000000136e+01,3.521300000000000097e+01,1.912300000000000111e+01
4.148599999999999710e+01,3.413799999999999812e+01,2.000400000000000134e+01
4.447999999999999687e+01,3.415299999999999869e+01,2.017899999999999849e+01
4.224300000000000210e+01,3.530299999999999727e+01,1.954400000000000048e+01
4.367099999999999937e+01,3.537599999999999767e+01,1.979799999999999827e+01
4.594700000000000273e+01,3.652199999999999847e+01,1.946199999999999974e+01
4.889000000000000234e+00,3.650099999999999767e+01,1.958899999999999864e+01
2.713000000000000078e+00,3.767499999999999716e+01,1.897700000000000031e+01
4.160000000000000142e+00,3.764600000000000080e+01,1.884299999999999997e+01
6.355000000000000426e+00,3.640800000000000125e+01,1.946399999999999864e+01
9.358999999999999986e+00,3.652199999999999847e+01,1.974599999999999866e+01
7.070999999999999730e+00,3.763199999999999790e+01,1.906700000000000017e+01
8.545999999999999375e+00,3.774399999999999977e+01,1.935800000000000054e+01
1.084699999999999953e+01,3.644700000000000273e+01,1.956200000000000117e+01
1.377599999999999980e+01,3.660199999999999676e+01,1.998199999999999932e+01
1.155899999999999928e+01,3.770400000000000063e+01,1.935099999999999909e+01
1.301999999999999957e+01,3.777400000000000091e+01,1.953099999999999881e+01
1.525200000000000067e+01,3.653199999999999648e+01,1.988599999999999923e+01
1.807700000000000173e+01,3.661399999999999721e+01,2.009199999999999875e+01
1.594500000000000028e+01,3.770100000000000051e+01,1.941199999999999903e+01
1.742200000000000060e+01,3.777199999999999847e+01,1.963299999999999912e+01
1.957799999999999940e+01,3.650399999999999778e+01,1.977100000000000080e+01
2.248100000000000165e+01,3.643500000000000227e+01,1.940200000000000102e+01
2.028900000000000148e+01,3.766799999999999926e+01,1.931700000000000017e+01
2.171699999999999875e+01,3.765599999999999881e+01,1.913500000000000156e+01
2.392599999999999838e+01,3.641599999999999682e+01,1.934400000000000119e+01
2.682900000000000063e+01,3.631499999999999773e+01,1.927100000000000080e+01
2.463500000000000156e+01,3.766100000000000136e+01,1.907000000000000028e+01
2.609600000000000009e+01,3.767699999999999960e+01,1.907100000000000151e+01
2.838100000000000023e+01,3.635499999999999687e+01,1.914300000000000068e+01
3.132600000000000051e+01,3.622399999999999665e+01,1.851000000000000156e+01
2.902400000000000091e+01,3.752799999999999869e+01,1.850100000000000122e+01
3.055999999999999872e+01,3.746399999999999864e+01,1.818400000000000105e+01
3.283200000000000074e+01,3.618900000000000006e+01,1.835500000000000043e+01
3.576899999999999835e+01,3.634400000000000119e+01,1.849200000000000088e+01
3.353999999999999915e+01,3.747999999999999687e+01,1.805799999999999983e+01
3.502100000000000080e+01,3.751299999999999812e+01,1.799699999999999989e+01
3.716499999999999915e+01,3.648599999999999710e+01,1.887699999999999889e+01
4.018299999999999983e+01,3.639399999999999835e+01,1.878500000000000014e+01
3.789699999999999847e+01,3.762599999999999767e+01,1.841199999999999903e+01
3.944500000000000028e+01,3.755499999999999972e+01,1.841100000000000136e+01
4.155599999999999739e+01,3.636800000000000210e+01,1.892800000000000082e+01
4.445900000000000318e+01,3.662800000000000011e+01,1.948000000000000043e+01
4.236099999999999710e+01,3.764200000000000301e+01,1.873900000000000077e+01
4.376899999999999835e+01,3.775699999999999790e+01,1.903699999999999903e+01
4.597299999999999898e+01,3.897299999999999898e+01,1.865399999999999991e+01
4.900999999999999801e+00,3.895900000000000318e+01,1.882900000000000063e+01
2.705999999999999961e+00,4.023199999999999932e+01,1.849699999999999989e+01
4.208999999999999631e+00,4.022599999999999909e+01,1.853500000000000014e+01
6.341999999999999638e+00,3.886399999999999721e+01,1.857400000000000162e+01
9.353999999999999204e+00,3.898899999999999721e+01,1.917000000000000171e+01
7.102999999999999758e+00,4.011999999999999744e+01,1.848999999999999844e+01
8.599000000000000199e+00,4.021300000000000097e+01,1.876699999999999946e+01
1.081799999999999962e+01,3.900500000000000256e+01,1.919500000000000028e+01
1.373199999999999932e+01,3.901899999999999835e+01,1.924399999999999977e+01
1.153500000000000014e+01,4.024499999999999744e+01,1.907900000000000063e+01
1.300200000000000067e+01,4.023499999999999943e+01,1.905000000000000071e+01
1.518299999999999983e+01,3.890200000000000102e+01,1.894399999999999906e+01
1.813599999999999923e+01,3.896399999999999864e+01,1.923400000000000176e+01
1.588799999999999990e+01,4.017300000000000182e+01,1.865200000000000102e+01
1.737600000000000122e+01,4.017900000000000205e+01,1.874099999999999966e+01
1.959400000000000119e+01,3.898100000000000165e+01,1.930199999999999960e+01
2.244500000000000028e+01,3.888600000000000279e+01,1.871300000000000097e+01
2.023699999999999832e+01,4.022200000000000131e+01,1.888200000000000145e+01
2.174099999999999966e+01,4.018099999999999739e+01,1.866600000000000037e+01
2.394500000000000028e+01,3.885600000000000165e+01,1.872599999999999909e+01
2.682000000000000028e+01,3.881499999999999773e+01,1.846300000000000097e+01
2.469900000000000162e+01,4.006499999999999773e+01,1.832400000000000162e+01
2.607999999999999829e+01,4.006499999999999773e+01,1.830799999999999983e+01
2.827599999999999980e+01,3.880799999999999983e+01,1.829500000000000171e+01
3.127499999999999858e+01,3.870700000000000074e+01,1.799500000000000099e+01
2.902400000000000091e+01,4.003199999999999648e+01,1.780900000000000105e+01
3.052599999999999980e+01,3.995799999999999841e+01,1.788599999999999923e+01
3.274799999999999756e+01,3.872899999999999920e+01,1.788800000000000168e+01
3.575200000000000244e+01,3.879500000000000171e+01,1.775600000000000023e+01
3.344100000000000250e+01,4.006600000000000250e+01,1.787699999999999889e+01
3.498299999999999699e+01,4.006099999999999994e+01,1.783899999999999864e+01
3.722299999999999898e+01,3.877400000000000091e+01,1.787500000000000000e+01
4.014999999999999858e+01,3.887199999999999989e+01,1.819800000000000040e+01
3.798599999999999710e+01,4.005199999999999960e+01,1.794500000000000028e+01
3.945600000000000307e+01,4.005199999999999960e+01,1.822899999999999920e+01
4.161999999999999744e+01,3.886399999999999721e+01,1.812199999999999989e+01
4.447999999999999687e+01,3.893599999999999994e+01,1.853999999999999915e+01
4.234899999999999665e+01,4.011500000000000199e+01,1.788599999999999923e+01
4.373599999999999710e+01,4.010600000000000165e+01,1.815700000000000003e+01
